hostname,description,field_value,occ_percent,occ_time,slot_temperature,sensor_id,temperature,slot_memory,memory_util,temperature_cpu,cpu_load
172.22.203.45,GPON00-D4-BDN-3,gei_1/17/1,0,2019-08-13T16:05:00Z,17,0,41,0,0,0,0
172.22.203.45,GPON00-D4-BDN-3,gei_1/17/1,0,2019-08-13T16:05:00Z,17,0,41,20,24,0,0
172.22.203.45,GPON00-D4-BDN-3,gei_1/17/1,0,2019-08-13T16:05:00Z,17,0,41,19,24,0,0
172.22.203.45,GPON00-D4-BDN-3,gei_1/17/1,0,2019-08-13T16:05:00Z,17,0,41,17,5,0,0
172.22.203.45,GPON00-D4-BDN-3,gei_1/17/1,0,2019-08-13T16:05:00Z,17,0,41,11,63,0,0
172.22.203.45,GPON00-D4-BDN-3,gei_1/17/1,0,2019-08-13T16:05:00Z,17,0,41,10,67,0,0
172.22.203.45,GPON00-D4-BDN-3,gei_1/17/1,0,2019-08-13T16:05:00Z,17,0,41,9,19,0,0
172.22.203.45,GPON00-D4-BDN-3,gei_1/17/1,0,2019-08-13T16:05:00Z,17,0,41,8,19,0,0
172.22.203.45,GPON00-D4-BDN-3,gei_1/17/1,0,2019-08-13T16:05:00Z,17,0,41,7,19,0,0
172.22.203.45,GPON00-D4-BDN-3,gei_1/17/1,0,2019-08-13T16:05:00Z,17,0,41,6,19,0,0
172.22.203.45,GPON00-D4-BDN-3,gei_1/17/1,0,2019-08-13T16:05:00Z,17,0,41,5,25,0,0
172.22.203.45,GPON00-D4-BDN-3,gei_1/17/1,0,2019-08-13T16:05:00Z,17,0,41,4,26,0,0
172.22.203.45,GPON00-D4-BDN-3,gei_1/17/1,0,2019-08-13T16:05:00Z,17,0,41,3,48,0,0
172.22.203.45,GPON00-D4-BDN-3,gei_1/17/1,0,2019-08-13T16:05:00Z,17,0,41,2,49,0,0
172.22.203.45,GPON00-D4-BDN-3,gei_1/17/1,0,2019-08-13T16:05:00Z,17,0,41,1,0,0,0
172.22.203.45,GPON00-D4-BDN-3,gei_1/17/1,0,2019-08-13T16:05:00Z,17,0,41,0,0,0,0
172.22.203.45,GPON00-D4-BDN-3,gei_1/17/1,0,2019-08-13T16:05:00Z,17,0,41,20,24,0,0
172.22.203.45,GPON00-D4-BDN-3,gei_1/17/1,0,2019-08-13T16:05:00Z,17,0,41,19,24,0,0
172.22.203.45,GPON00-D4-BDN-3,gei_1/17/1,0,2019-08-13T16:05:00Z,17,0,41,17,5,0,0
172.22.203.45,GPON00-D4-BDN-3,gei_1/17/1,0,2019-08-13T16:05:00Z,17,0,41,11,63,0,0
172.22.203.45,GPON00-D4-BDN-3,gei_1/17/1,0,2019-08-13T16:05:00Z,17,0,41,10,67,0,0
172.22.203.45,GPON00-D4-BDN-3,gei_1/17/1,0,2019-08-13T16:05:00Z,17,0,41,9,19,0,0
172.22.203.45,GPON00-D4-BDN-3,gei_1/17/1,0,2019-08-13T16:05:00Z,17,0,41,8,19,0,0
172.22.203.45,GPON00-D4-BDN-3,gei_1/17/1,0,2019-08-13T16:05:00Z,17,0,41,7,19,0,0
172.22.203.45,GPON00-D4-BDN-3,gei_1/17/1,0,2019-08-13T16:05:00Z,17,0,41,6,19,0,0
172.22.203.45,GPON00-D4-BDN-3,gei_1/17/1,0,2019-08-13T16:05:00Z,17,0,41,5,25,0,0
172.22.203.45,GPON00-D4-BDN-3,gei_1/17/1,0,2019-08-13T16:05:00Z,17,0,41,4,26,0,0
172.22.203.45,GPON00-D4-BDN-3,gei_1/17/1,0,2019-08-13T16:05:00Z,17,0,41,3,48,0,0
172.22.203.45,GPON00-D4-BDN-3,gei_1/17/1,0,2019-08-13T16:05:00Z,17,0,41,2,49,0,0
172.22.203.45,GPON00-D4-BDN-3,gei_1/17/1,0,2019-08-13T16:05:00Z,17,0,41,1,0,0,0
172.22.203.45,GPON00-D4-BDN-3,gei_1/17/1,0,2019-08-13T16:05:00Z,17,0,41,0,0,0,0
172.22.203.45,GPON00-D4-BDN-3,gei_1/17/1,0,2019-08-13T16:05:00Z,17,0,41,20,24,0,0
172.22.203.45,GPON00-D4-BDN-3,gei_1/17/1,0,2019-08-13T16:05:00Z,17,0,41,19,24,0,0
172.22.203.45,GPON00-D4-BDN-3,gei_1/17/1,0,2019-08-13T16:05:00Z,17,0,41,17,5,0,0
172.22.203.45,GPON00-D4-BDN-3,gei_1/17/1,0,2019-08-13T16:05:00Z,17,0,41,11,63,0,0
172.22.203.45,GPON00-D4-BDN-3,gei_1/17/1,0,2019-08-13T16:05:00Z,17,0,41,10,67,0,0
172.22.203.45,GPON00-D4-BDN-3,gei_1/17/1,0,2019-08-13T16:05:00Z,17,0,41,9,19,0,0
172.22.203.45,GPON00-D4-BDN-3,gei_1/17/1,0,2019-08-13T16:05:00Z,17,0,41,8,19,0,0
172.22.203.45,GPON00-D4-BDN-3,gei_1/17/1,0,2019-08-13T16:05:00Z,17,0,41,7,19,0,0
172.22.203.45,GPON00-D4-BDN-3,gei_1/17/1,0,2019-08-13T16:05:00Z,17,0,41,6,19,0,0
172.22.203.45,GPON00-D4-BDN-3,gei_1/17/1,0,2019-08-13T16:05:00Z,17,0,41,5,25,0,0
172.22.203.45,GPON00-D4-BDN-3,gei_1/17/1,0,2019-08-13T16:05:00Z,17,0,41,4,26,0,0
172.22.203.45,GPON00-D4-BDN-3,gei_1/17/1,0,2019-08-13T16:05:00Z,17,0,41,3,48,0,0
172.22.203.45,GPON00-D4-BDN-3,gei_1/17/1,0,2019-08-13T16:05:00Z,17,0,41,2,49,0,0
172.22.203.45,GPON00-D4-BDN-3,gei_1/17/1,0,2019-08-13T16:05:00Z,17,0,41,1,0,0,0
172.22.203.45,GPON00-D4-BDN-3,gei_1/17/1,0,2019-08-13T16:05:00Z,17,0,41,0,0,0,0
172.22.203.45,GPON00-D4-BDN-3,gei_1/17/1,0,2019-08-13T16:05:00Z,17,0,41,20,24,0,0
172.22.203.45,GPON00-D4-BDN-3,gei_1/17/1,0,2019-08-13T16:05:00Z,17,0,41,19,24,0,0
172.22.203.45,GPON00-D4-BDN-3,gei_1/17/1,0,2019-08-13T16:05:00Z,17,0,41,17,5,0,0
172.22.203.45,GPON00-D4-BDN-3,gei_1/17/1,0,2019-08-13T16:05:00Z,17,0,41,11,63,0,0
172.22.203.45,GPON00-D4-BDN-3,gei_1/17/1,0,2019-08-13T16:05:00Z,17,0,41,10,67,0,0
172.22.203.45,GPON00-D4-BDN-3,gei_1/17/1,0,2019-08-13T16:05:00Z,17,0,41,9,19,0,0
172.22.203.45,GPON00-D4-BDN-3,gei_1/17/1,0,2019-08-13T16:05:00Z,17,0,41,8,19,0,0
172.22.203.45,GPON00-D4-BDN-3,gei_1/17/1,0,2019-08-13T16:05:00Z,17,0,41,7,19,0,0
172.22.203.45,GPON00-D4-BDN-3,gei_1/17/1,0,2019-08-13T16:05:00Z,17,0,41,6,19,0,0
172.22.203.45,GPON00-D4-BDN-3,gei_1/17/1,0,2019-08-13T16:05:00Z,17,0,41,5,25,0,0
172.22.203.45,GPON00-D4-BDN-3,gei_1/17/1,0,2019-08-13T16:05:00Z,17,0,41,4,26,0,0
172.22.203.45,GPON00-D4-BDN-3,gei_1/17/1,0,2019-08-13T16:05:00Z,17,0,41,3,48,0,0
172.22.203.45,GPON00-D4-BDN-3,gei_1/17/1,0,2019-08-13T16:05:00Z,17,0,41,2,49,0,0
172.22.203.45,GPON00-D4-BDN-3,gei_1/17/1,0,2019-08-13T16:05:00Z,17,0,41,1,0,0,0
172.22.203.45,GPON00-D4-BDN-3,gei_1/17/1,0,2019-08-13T16:05:00Z,11,0,39,0,0,0,0
172.22.203.45,GPON00-D4-BDN-3,gei_1/17/1,0,2019-08-13T16:05:00Z,11,0,39,20,24,0,0
172.22.203.45,GPON00-D4-BDN-3,gei_1/17/1,0,2019-08-13T16:05:00Z,11,0,39,19,24,0,0
172.22.203.45,GPON00-D4-BDN-3,gei_1/17/1,0,2019-08-13T16:05:00Z,11,0,39,17,5,0,0
172.22.203.45,GPON00-D4-BDN-3,gei_1/17/1,0,2019-08-13T16:05:00Z,11,0,39,11,63,0,0
172.22.203.45,GPON00-D4-BDN-3,gei_1/17/1,0,2019-08-13T16:05:00Z,11,0,39,10,67,0,0
172.22.203.45,GPON00-D4-BDN-3,gei_1/17/1,0,2019-08-13T16:05:00Z,11,0,39,9,19,0,0
172.22.203.45,GPON00-D4-BDN-3,gei_1/17/1,0,2019-08-13T16:05:00Z,11,0,39,8,19,0,0
172.22.203.45,GPON00-D4-BDN-3,gei_1/17/1,0,2019-08-13T16:05:00Z,11,0,39,7,19,0,0
172.22.203.45,GPON00-D4-BDN-3,gei_1/17/1,0,2019-08-13T16:05:00Z,11,0,39,6,19,0,0
172.22.203.45,GPON00-D4-BDN-3,gei_1/17/1,0,2019-08-13T16:05:00Z,11,0,39,5,25,0,0
172.22.203.45,GPON00-D4-BDN-3,gei_1/17/1,0,2019-08-13T16:05:00Z,11,0,39,4,26,0,0
172.22.203.45,GPON00-D4-BDN-3,gei_1/17/1,0,2019-08-13T16:05:00Z,11,0,39,3,48,0,0
172.22.203.45,GPON00-D4-BDN-3,gei_1/17/1,0,2019-08-13T16:05:00Z,11,0,39,2,49,0,0
172.22.203.45,GPON00-D4-BDN-3,gei_1/17/1,0,2019-08-13T16:05:00Z,11,0,39,1,0,0,0
172.22.203.45,GPON00-D4-BDN-3,gei_1/17/1,0,2019-08-13T16:05:00Z,11,0,39,0,0,0,0
172.22.203.45,GPON00-D4-BDN-3,gei_1/17/1,0,2019-08-13T16:05:00Z,11,0,39,20,24,0,0
172.22.203.45,GPON00-D4-BDN-3,gei_1/17/1,0,2019-08-13T16:05:00Z,11,0,39,19,24,0,0
172.22.203.45,GPON00-D4-BDN-3,gei_1/17/1,0,2019-08-13T16:05:00Z,11,0,39,17,5,0,0
172.22.203.45,GPON00-D4-BDN-3,gei_1/17/1,0,2019-08-13T16:05:00Z,11,0,39,11,63,0,0
172.22.203.45,GPON00-D4-BDN-3,gei_1/17/1,0,2019-08-13T16:05:00Z,11,0,39,10,67,0,0
172.22.203.45,GPON00-D4-BDN-3,gei_1/17/1,0,2019-08-13T16:05:00Z,11,0,39,9,19,0,0
172.22.203.45,GPON00-D4-BDN-3,gei_1/17/1,0,2019-08-13T16:05:00Z,11,0,39,8,19,0,0
172.22.203.45,GPON00-D4-BDN-3,gei_1/17/1,0,2019-08-13T16:05:00Z,11,0,39,7,19,0,0
172.22.203.45,GPON00-D4-BDN-3,gei_1/17/1,0,2019-08-13T16:05:00Z,11,0,39,6,19,0,0
172.22.203.45,GPON00-D4-BDN-3,gei_1/17/1,0,2019-08-13T16:05:00Z,11,0,39,5,25,0,0
172.22.203.45,GPON00-D4-BDN-3,gei_1/17/1,0,2019-08-13T16:05:00Z,11,0,39,4,26,0,0
172.22.203.45,GPON00-D4-BDN-3,gei_1/17/1,0,2019-08-13T16:05:00Z,11,0,39,3,48,0,0
172.22.203.45,GPON00-D4-BDN-3,gei_1/17/1,0,2019-08-13T16:05:00Z,11,0,39,2,49,0,0
172.22.203.45,GPON00-D4-BDN-3,gei_1/17/1,0,2019-08-13T16:05:00Z,11,0,39,1,0,0,0
172.22.203.45,GPON00-D4-BDN-3,gei_1/17/1,0,2019-08-13T16:05:00Z,11,0,39,0,0,0,0
172.22.203.45,GPON00-D4-BDN-3,gei_1/17/1,0,2019-08-13T16:05:00Z,11,0,39,20,24,0,0
172.22.203.45,GPON00-D4-BDN-3,gei_1/17/1,0,2019-08-13T16:05:00Z,11,0,39,19,24,0,0
172.22.203.45,GPON00-D4-BDN-3,gei_1/17/1,0,2019-08-13T16:05:00Z,11,0,39,17,5,0,0
172.22.203.45,GPON00-D4-BDN-3,gei_1/17/1,0,2019-08-13T16:05:00Z,11,0,39,11,63,0,0
172.22.203.45,GPON00-D4-BDN-3,gei_1/17/1,0,2019-08-13T16:05:00Z,11,0,39,10,67,0,0
172.22.203.45,GPON00-D4-BDN-3,gei_1/17/1,0,2019-08-13T16:05:00Z,11,0,39,9,19,0,0
172.22.203.45,GPON00-D4-BDN-3,gei_1/17/1,0,2019-08-13T16:05:00Z,11,0,39,8,19,0,0
172.22.203.45,GPON00-D4-BDN-3,gei_1/17/1,0,2019-08-13T16:05:00Z,11,0,39,7,19,0,0
172.22.203.45,GPON00-D4-BDN-3,gei_1/17/1,0,2019-08-13T16:05:00Z,11,0,39,6,19,0,0
172.22.203.45,GPON00-D4-BDN-3,gei_1/17/1,0,2019-08-13T16:05:00Z,11,0,39,5,25,0,0
172.22.203.45,GPON00-D4-BDN-3,gei_1/17/1,0,2019-08-13T16:05:00Z,11,0,39,4,26,0,0
172.22.203.45,GPON00-D4-BDN-3,gei_1/17/1,0,2019-08-13T16:05:00Z,11,0,39,3,48,0,0
172.22.203.45,GPON00-D4-BDN-3,gei_1/17/1,0,2019-08-13T16:05:00Z,11,0,39,2,49,0,0
172.22.203.45,GPON00-D4-BDN-3,gei_1/17/1,0,2019-08-13T16:05:00Z,11,0,39,1,0,0,0
172.22.203.45,GPON00-D4-BDN-3,gei_1/17/1,0,2019-08-13T16:05:00Z,11,0,39,0,0,0,0
172.22.203.45,GPON00-D4-BDN-3,gei_1/17/1,0,2019-08-13T16:05:00Z,11,0,39,20,24,0,0
172.22.203.45,GPON00-D4-BDN-3,gei_1/17/1,0,2019-08-13T16:05:00Z,11,0,39,19,24,0,0
172.22.203.45,GPON00-D4-BDN-3,gei_1/17/1,0,2019-08-13T16:05:00Z,11,0,39,17,5,0,0
172.22.203.45,GPON00-D4-BDN-3,gei_1/17/1,0,2019-08-13T16:05:00Z,11,0,39,11,63,0,0
172.22.203.45,GPON00-D4-BDN-3,gei_1/17/1,0,2019-08-13T16:05:00Z,11,0,39,10,67,0,0
172.22.203.45,GPON00-D4-BDN-3,gei_1/17/1,0,2019-08-13T16:05:00Z,11,0,39,9,19,0,0
172.22.203.45,GPON00-D4-BDN-3,gei_1/17/1,0,2019-08-13T16:05:00Z,11,0,39,8,19,0,0
172.22.203.45,GPON00-D4-BDN-3,gei_1/17/1,0,2019-08-13T16:05:00Z,11,0,39,7,19,0,0
172.22.203.45,GPON00-D4-BDN-3,gei_1/17/1,0,2019-08-13T16:05:00Z,11,0,39,6,19,0,0
172.22.203.45,GPON00-D4-BDN-3,gei_1/17/1,0,2019-08-13T16:05:00Z,11,0,39,5,25,0,0
172.22.203.45,GPON00-D4-BDN-3,gei_1/17/1,0,2019-08-13T16:05:00Z,11,0,39,4,26,0,0
172.22.203.45,GPON00-D4-BDN-3,gei_1/17/1,0,2019-08-13T16:05:00Z,11,0,39,3,48,0,0
172.22.203.45,GPON00-D4-BDN-3,gei_1/17/1,0,2019-08-13T16:05:00Z,11,0,39,2,49,0,0
172.22.203.45,GPON00-D4-BDN-3,gei_1/17/1,0,2019-08-13T16:05:00Z,11,0,39,1,0,0,0
172.22.203.45,GPON00-D4-BDN-3,gei_1/17/1,0,2019-08-13T16:05:00Z,10,0,39,0,0,0,0
172.22.203.45,GPON00-D4-BDN-3,gei_1/17/1,0,2019-08-13T16:05:00Z,10,0,39,20,24,0,0
172.22.203.45,GPON00-D4-BDN-3,gei_1/17/1,0,2019-08-13T16:05:00Z,10,0,39,19,24,0,0
172.22.203.45,GPON00-D4-BDN-3,gei_1/17/1,0,2019-08-13T16:05:00Z,10,0,39,17,5,0,0
172.22.203.45,GPON00-D4-BDN-3,gei_1/17/1,0,2019-08-13T16:05:00Z,10,0,39,11,63,0,0
172.22.203.45,GPON00-D4-BDN-3,gei_1/17/1,0,2019-08-13T16:05:00Z,10,0,39,10,67,0,0
172.22.203.45,GPON00-D4-BDN-3,gei_1/17/1,0,2019-08-13T16:05:00Z,10,0,39,9,19,0,0
172.22.203.45,GPON00-D4-BDN-3,gei_1/17/1,0,2019-08-13T16:05:00Z,10,0,39,8,19,0,0
172.22.203.45,GPON00-D4-BDN-3,gei_1/17/1,0,2019-08-13T16:05:00Z,10,0,39,7,19,0,0
172.22.203.45,GPON00-D4-BDN-3,gei_1/17/1,0,2019-08-13T16:05:00Z,10,0,39,6,19,0,0
172.22.203.45,GPON00-D4-BDN-3,gei_1/17/1,0,2019-08-13T16:05:00Z,10,0,39,5,25,0,0
172.22.203.45,GPON00-D4-BDN-3,gei_1/17/1,0,2019-08-13T16:05:00Z,10,0,39,4,26,0,0
172.22.203.45,GPON00-D4-BDN-3,gei_1/17/1,0,2019-08-13T16:05:00Z,10,0,39,3,48,0,0
172.22.203.45,GPON00-D4-BDN-3,gei_1/17/1,0,2019-08-13T16:05:00Z,10,0,39,2,49,0,0
172.22.203.45,GPON00-D4-BDN-3,gei_1/17/1,0,2019-08-13T16:05:00Z,10,0,39,1,0,0,0
172.22.203.45,GPON00-D4-BDN-3,gei_1/17/1,0,2019-08-13T16:05:00Z,10,0,39,0,0,0,0
172.22.203.45,GPON00-D4-BDN-3,gei_1/17/1,0,2019-08-13T16:05:00Z,10,0,39,20,24,0,0
172.22.203.45,GPON00-D4-BDN-3,gei_1/17/1,0,2019-08-13T16:05:00Z,10,0,39,19,24,0,0
172.22.203.45,GPON00-D4-BDN-3,gei_1/17/1,0,2019-08-13T16:05:00Z,10,0,39,17,5,0,0
172.22.203.45,GPON00-D4-BDN-3,gei_1/17/1,0,2019-08-13T16:05:00Z,10,0,39,11,63,0,0
172.22.203.45,GPON00-D4-BDN-3,gei_1/17/1,0,2019-08-13T16:05:00Z,10,0,39,10,67,0,0
172.22.203.45,GPON00-D4-BDN-3,gei_1/17/1,0,2019-08-13T16:05:00Z,10,0,39,9,19,0,0
172.22.203.45,GPON00-D4-BDN-3,gei_1/17/1,0,2019-08-13T16:05:00Z,10,0,39,8,19,0,0
172.22.203.45,GPON00-D4-BDN-3,gei_1/17/1,0,2019-08-13T16:05:00Z,10,0,39,7,19,0,0
172.22.203.45,GPON00-D4-BDN-3,gei_1/17/1,0,2019-08-13T16:05:00Z,10,0,39,6,19,0,0
172.22.203.45,GPON00-D4-BDN-3,gei_1/17/1,0,2019-08-13T16:05:00Z,10,0,39,5,25,0,0
172.22.203.45,GPON00-D4-BDN-3,gei_1/17/1,0,2019-08-13T16:05:00Z,10,0,39,4,26,0,0
172.22.203.45,GPON00-D4-BDN-3,gei_1/17/1,0,2019-08-13T16:05:00Z,10,0,39,3,48,0,0
172.22.203.45,GPON00-D4-BDN-3,gei_1/17/1,0,2019-08-13T16:05:00Z,10,0,39,2,49,0,0
172.22.203.45,GPON00-D4-BDN-3,gei_1/17/1,0,2019-08-13T16:05:00Z,10,0,39,1,0,0,0
172.22.203.45,GPON00-D4-BDN-3,gei_1/17/1,0,2019-08-13T16:05:00Z,10,0,39,0,0,0,0
172.22.203.45,GPON00-D4-BDN-3,gei_1/17/1,0,2019-08-13T16:05:00Z,10,0,39,20,24,0,0
172.22.203.45,GPON00-D4-BDN-3,gei_1/17/1,0,2019-08-13T16:05:00Z,10,0,39,19,24,0,0
172.22.203.45,GPON00-D4-BDN-3,gei_1/17/1,0,2019-08-13T16:05:00Z,10,0,39,17,5,0,0
172.22.203.45,GPON00-D4-BDN-3,gei_1/17/1,0,2019-08-13T16:05:00Z,10,0,39,11,63,0,0
172.22.203.45,GPON00-D4-BDN-3,gei_1/17/1,0,2019-08-13T16:05:00Z,10,0,39,10,67,0,0
172.22.203.45,GPON00-D4-BDN-3,gei_1/17/1,0,2019-08-13T16:05:00Z,10,0,39,9,19,0,0
172.22.203.45,GPON00-D4-BDN-3,gei_1/17/1,0,2019-08-13T16:05:00Z,10,0,39,8,19,0,0
172.22.203.45,GPON00-D4-BDN-3,gei_1/17/1,0,2019-08-13T16:05:00Z,10,0,39,7,19,0,0
172.22.203.45,GPON00-D4-BDN-3,gei_1/17/1,0,2019-08-13T16:05:00Z,10,0,39,6,19,0,0
172.22.203.45,GPON00-D4-BDN-3,gei_1/17/1,0,2019-08-13T16:05:00Z,10,0,39,5,25,0,0
172.22.203.45,GPON00-D4-BDN-3,gei_1/17/1,0,2019-08-13T16:05:00Z,10,0,39,4,26,0,0
172.22.203.45,GPON00-D4-BDN-3,gei_1/17/1,0,2019-08-13T16:05:00Z,10,0,39,3,48,0,0
172.22.203.45,GPON00-D4-BDN-3,gei_1/17/1,0,2019-08-13T16:05:00Z,10,0,39,2,49,0,0
172.22.203.45,GPON00-D4-BDN-3,gei_1/17/1,0,2019-08-13T16:05:00Z,10,0,39,1,0,0,0
172.22.203.45,GPON00-D4-BDN-3,gei_1/17/1,0,2019-08-13T16:05:00Z,10,0,39,0,0,0,0
172.22.203.45,GPON00-D4-BDN-3,gei_1/17/1,0,2019-08-13T16:05:00Z,10,0,39,20,24,0,0
172.22.203.45,GPON00-D4-BDN-3,gei_1/17/1,0,2019-08-13T16:05:00Z,10,0,39,19,24,0,0
172.22.203.45,GPON00-D4-BDN-3,gei_1/17/1,0,2019-08-13T16:05:00Z,10,0,39,17,5,0,0
172.22.203.45,GPON00-D4-BDN-3,gei_1/17/1,0,2019-08-13T16:05:00Z,10,0,39,11,63,0,0
172.22.203.45,GPON00-D4-BDN-3,gei_1/17/1,0,2019-08-13T16:05:00Z,10,0,39,10,67,0,0
172.22.203.45,GPON00-D4-BDN-3,gei_1/17/1,0,2019-08-13T16:05:00Z,10,0,39,9,19,0,0
172.22.203.45,GPON00-D4-BDN-3,gei_1/17/1,0,2019-08-13T16:05:00Z,10,0,39,8,19,0,0
172.22.203.45,GPON00-D4-BDN-3,gei_1/17/1,0,2019-08-13T16:05:00Z,10,0,39,7,19,0,0
172.22.203.45,GPON00-D4-BDN-3,gei_1/17/1,0,2019-08-13T16:05:00Z,10,0,39,6,19,0,0
172.22.203.45,GPON00-D4-BDN-3,gei_1/17/1,0,2019-08-13T16:05:00Z,10,0,39,5,25,0,0
172.22.203.45,GPON00-D4-BDN-3,gei_1/17/1,0,2019-08-13T16:05:00Z,10,0,39,4,26,0,0
172.22.203.45,GPON00-D4-BDN-3,gei_1/17/1,0,2019-08-13T16:05:00Z,10,0,39,3,48,0,0
172.22.203.45,GPON00-D4-BDN-3,gei_1/17/1,0,2019-08-13T16:05:00Z,10,0,39,2,49,0,0
172.22.203.45,GPON00-D4-BDN-3,gei_1/17/1,0,2019-08-13T16:05:00Z,10,0,39,1,0,0,0
172.22.203.45,GPON00-D4-BDN-3,gei_1/17/1,0,2019-08-13T16:05:00Z,9,0,28,0,0,0,0
172.22.203.45,GPON00-D4-BDN-3,gei_1/17/1,0,2019-08-13T16:05:00Z,9,0,28,20,24,0,0
172.22.203.45,GPON00-D4-BDN-3,gei_1/17/1,0,2019-08-13T16:05:00Z,9,0,28,19,24,0,0
172.22.203.45,GPON00-D4-BDN-3,gei_1/17/1,0,2019-08-13T16:05:00Z,9,0,28,17,5,0,0
172.22.203.45,GPON00-D4-BDN-3,gei_1/17/1,0,2019-08-13T16:05:00Z,9,0,28,11,63,0,0
172.22.203.45,GPON00-D4-BDN-3,gei_1/17/1,0,2019-08-13T16:05:00Z,9,0,28,10,67,0,0
172.22.203.45,GPON00-D4-BDN-3,gei_1/17/1,0,2019-08-13T16:05:00Z,9,0,28,9,19,0,0
172.22.203.45,GPON00-D4-BDN-3,gei_1/17/1,0,2019-08-13T16:05:00Z,9,0,28,8,19,0,0
172.22.203.45,GPON00-D4-BDN-3,gei_1/17/1,0,2019-08-13T16:05:00Z,9,0,28,7,19,0,0
172.22.203.45,GPON00-D4-BDN-3,gei_1/17/1,0,2019-08-13T16:05:00Z,9,0,28,6,19,0,0
172.22.203.45,GPON00-D4-BDN-3,gei_1/17/1,0,2019-08-13T16:05:00Z,9,0,28,5,25,0,0
172.22.203.45,GPON00-D4-BDN-3,gei_1/17/1,0,2019-08-13T16:05:00Z,9,0,28,4,26,0,0
172.22.203.45,GPON00-D4-BDN-3,gei_1/17/1,0,2019-08-13T16:05:00Z,9,0,28,3,48,0,0
172.22.203.45,GPON00-D4-BDN-3,gei_1/17/1,0,2019-08-13T16:05:00Z,9,0,28,2,49,0,0
172.22.203.45,GPON00-D4-BDN-3,gei_1/17/1,0,2019-08-13T16:05:00Z,9,0,28,1,0,0,0
172.22.203.45,GPON00-D4-BDN-3,gei_1/17/1,0,2019-08-13T16:05:00Z,9,0,28,0,0,0,0
172.22.203.45,GPON00-D4-BDN-3,gei_1/17/1,0,2019-08-13T16:05:00Z,9,0,28,20,24,0,0
172.22.203.45,GPON00-D4-BDN-3,gei_1/17/1,0,2019-08-13T16:05:00Z,9,0,28,19,24,0,0
172.22.203.45,GPON00-D4-BDN-3,gei_1/17/1,0,2019-08-13T16:05:00Z,9,0,28,17,5,0,0
172.22.203.45,GPON00-D4-BDN-3,gei_1/17/1,0,2019-08-13T16:05:00Z,9,0,28,11,63,0,0
172.22.203.45,GPON00-D4-BDN-3,gei_1/17/1,0,2019-08-13T16:05:00Z,9,0,28,10,67,0,0
172.22.203.45,GPON00-D4-BDN-3,gei_1/17/1,0,2019-08-13T16:05:00Z,9,0,28,9,19,0,0
172.22.203.45,GPON00-D4-BDN-3,gei_1/17/1,0,2019-08-13T16:05:00Z,9,0,28,8,19,0,0
172.22.203.45,GPON00-D4-BDN-3,gei_1/17/1,0,2019-08-13T16:05:00Z,9,0,28,7,19,0,0
172.22.203.45,GPON00-D4-BDN-3,gei_1/17/1,0,2019-08-13T16:05:00Z,9,0,28,6,19,0,0
172.22.203.45,GPON00-D4-BDN-3,gei_1/17/1,0,2019-08-13T16:05:00Z,9,0,28,5,25,0,0
172.22.203.45,GPON00-D4-BDN-3,gei_1/17/1,0,2019-08-13T16:05:00Z,9,0,28,4,26,0,0
172.22.203.45,GPON00-D4-BDN-3,gei_1/17/1,0,2019-08-13T16:05:00Z,9,0,28,3,48,0,0
172.22.203.45,GPON00-D4-BDN-3,gei_1/17/1,0,2019-08-13T16:05:00Z,9,0,28,2,49,0,0
172.22.203.45,GPON00-D4-BDN-3,gei_1/17/1,0,2019-08-13T16:05:00Z,9,0,28,1,0,0,0
172.22.203.45,GPON00-D4-BDN-3,gei_1/17/1,0,2019-08-13T16:05:00Z,9,0,28,0,0,0,0
172.22.203.45,GPON00-D4-BDN-3,gei_1/17/1,0,2019-08-13T16:05:00Z,9,0,28,20,24,0,0
172.22.203.45,GPON00-D4-BDN-3,gei_1/17/1,0,2019-08-13T16:05:00Z,9,0,28,19,24,0,0
172.22.203.45,GPON00-D4-BDN-3,gei_1/17/1,0,2019-08-13T16:05:00Z,9,0,28,17,5,0,0
172.22.203.45,GPON00-D4-BDN-3,gei_1/17/1,0,2019-08-13T16:05:00Z,9,0,28,11,63,0,0
172.22.203.45,GPON00-D4-BDN-3,gei_1/17/1,0,2019-08-13T16:05:00Z,9,0,28,10,67,0,0
172.22.203.45,GPON00-D4-BDN-3,gei_1/17/1,0,2019-08-13T16:05:00Z,9,0,28,9,19,0,0
172.22.203.45,GPON00-D4-BDN-3,gei_1/17/1,0,2019-08-13T16:05:00Z,9,0,28,8,19,0,0
172.22.203.45,GPON00-D4-BDN-3,gei_1/17/1,0,2019-08-13T16:05:00Z,9,0,28,7,19,0,0
172.22.203.45,GPON00-D4-BDN-3,gei_1/17/1,0,2019-08-13T16:05:00Z,9,0,28,6,19,0,0
172.22.203.45,GPON00-D4-BDN-3,gei_1/17/1,0,2019-08-13T16:05:00Z,9,0,28,5,25,0,0
172.22.203.45,GPON00-D4-BDN-3,gei_1/17/1,0,2019-08-13T16:05:00Z,9,0,28,4,26,0,0
172.22.203.45,GPON00-D4-BDN-3,gei_1/17/1,0,2019-08-13T16:05:00Z,9,0,28,3,48,0,0
172.22.203.45,GPON00-D4-BDN-3,gei_1/17/1,0,2019-08-13T16:05:00Z,9,0,28,2,49,0,0
172.22.203.45,GPON00-D4-BDN-3,gei_1/17/1,0,2019-08-13T16:05:00Z,9,0,28,1,0,0,0
172.22.203.45,GPON00-D4-BDN-3,gei_1/17/1,0,2019-08-13T16:05:00Z,9,0,28,0,0,0,0
172.22.203.45,GPON00-D4-BDN-3,gei_1/17/1,0,2019-08-13T16:05:00Z,9,0,28,20,24,0,0
172.22.203.45,GPON00-D4-BDN-3,gei_1/17/1,0,2019-08-13T16:05:00Z,9,0,28,19,24,0,0
172.22.203.45,GPON00-D4-BDN-3,gei_1/17/1,0,2019-08-13T16:05:00Z,9,0,28,17,5,0,0
172.22.203.45,GPON00-D4-BDN-3,gei_1/17/1,0,2019-08-13T16:05:00Z,9,0,28,11,63,0,0
172.22.203.45,GPON00-D4-BDN-3,gei_1/17/1,0,2019-08-13T16:05:00Z,9,0,28,10,67,0,0
172.22.203.45,GPON00-D4-BDN-3,gei_1/17/1,0,2019-08-13T16:05:00Z,9,0,28,9,19,0,0
172.22.203.45,GPON00-D4-BDN-3,gei_1/17/1,0,2019-08-13T16:05:00Z,9,0,28,8,19,0,0
172.22.203.45,GPON00-D4-BDN-3,gei_1/17/1,0,2019-08-13T16:05:00Z,9,0,28,7,19,0,0
172.22.203.45,GPON00-D4-BDN-3,gei_1/17/1,0,2019-08-13T16:05:00Z,9,0,28,6,19,0,0
172.22.203.45,GPON00-D4-BDN-3,gei_1/17/1,0,2019-08-13T16:05:00Z,9,0,28,5,25,0,0
172.22.203.45,GPON00-D4-BDN-3,gei_1/17/1,0,2019-08-13T16:05:00Z,9,0,28,4,26,0,0
172.22.203.45,GPON00-D4-BDN-3,gei_1/17/1,0,2019-08-13T16:05:00Z,9,0,28,3,48,0,0
172.22.203.45,GPON00-D4-BDN-3,gei_1/17/1,0,2019-08-13T16:05:00Z,9,0,28,2,49,0,0
172.22.203.45,GPON00-D4-BDN-3,gei_1/17/1,0,2019-08-13T16:05:00Z,9,0,28,1,0,0,0
172.22.203.45,GPON00-D4-BDN-3,gei_1/17/1,0,2019-08-13T16:05:00Z,8,0,27,0,0,0,0
172.22.203.45,GPON00-D4-BDN-3,gei_1/17/1,0,2019-08-13T16:05:00Z,8,0,27,20,24,0,0
172.22.203.45,GPON00-D4-BDN-3,gei_1/17/1,0,2019-08-13T16:05:00Z,8,0,27,19,24,0,0
172.22.203.45,GPON00-D4-BDN-3,gei_1/17/1,0,2019-08-13T16:05:00Z,8,0,27,17,5,0,0
172.22.203.45,GPON00-D4-BDN-3,gei_1/17/1,0,2019-08-13T16:05:00Z,8,0,27,11,63,0,0
172.22.203.45,GPON00-D4-BDN-3,gei_1/17/1,0,2019-08-13T16:05:00Z,8,0,27,10,67,0,0
172.22.203.45,GPON00-D4-BDN-3,gei_1/17/1,0,2019-08-13T16:05:00Z,8,0,27,9,19,0,0
172.22.203.45,GPON00-D4-BDN-3,gei_1/17/1,0,2019-08-13T16:05:00Z,8,0,27,8,19,0,0
172.22.203.45,GPON00-D4-BDN-3,gei_1/17/1,0,2019-08-13T16:05:00Z,8,0,27,7,19,0,0
172.22.203.45,GPON00-D4-BDN-3,gei_1/17/1,0,2019-08-13T16:05:00Z,8,0,27,6,19,0,0
172.22.203.45,GPON00-D4-BDN-3,gei_1/17/1,0,2019-08-13T16:05:00Z,8,0,27,5,25,0,0
172.22.203.45,GPON00-D4-BDN-3,gei_1/17/1,0,2019-08-13T16:05:00Z,8,0,27,4,26,0,0
172.22.203.45,GPON00-D4-BDN-3,gei_1/17/1,0,2019-08-13T16:05:00Z,8,0,27,3,48,0,0
172.22.203.45,GPON00-D4-BDN-3,gei_1/17/1,0,2019-08-13T16:05:00Z,8,0,27,2,49,0,0
172.22.203.45,GPON00-D4-BDN-3,gei_1/17/1,0,2019-08-13T16:05:00Z,8,0,27,1,0,0,0
172.22.203.45,GPON00-D4-BDN-3,gei_1/17/1,0,2019-08-13T16:05:00Z,8,0,27,0,0,0,0
172.22.203.45,GPON00-D4-BDN-3,gei_1/17/1,0,2019-08-13T16:05:00Z,8,0,27,20,24,0,0
172.22.203.45,GPON00-D4-BDN-3,gei_1/17/1,0,2019-08-13T16:05:00Z,8,0,27,19,24,0,0
172.22.203.45,GPON00-D4-BDN-3,gei_1/17/1,0,2019-08-13T16:05:00Z,8,0,27,17,5,0,0
172.22.203.45,GPON00-D4-BDN-3,gei_1/17/1,0,2019-08-13T16:05:00Z,8,0,27,11,63,0,0
172.22.203.45,GPON00-D4-BDN-3,gei_1/17/1,0,2019-08-13T16:05:00Z,8,0,27,10,67,0,0
172.22.203.45,GPON00-D4-BDN-3,gei_1/17/1,0,2019-08-13T16:05:00Z,8,0,27,9,19,0,0
172.22.203.45,GPON00-D4-BDN-3,gei_1/17/1,0,2019-08-13T16:05:00Z,8,0,27,8,19,0,0
172.22.203.45,GPON00-D4-BDN-3,gei_1/17/1,0,2019-08-13T16:05:00Z,8,0,27,7,19,0,0
172.22.203.45,GPON00-D4-BDN-3,gei_1/17/1,0,2019-08-13T16:05:00Z,8,0,27,6,19,0,0
172.22.203.45,GPON00-D4-BDN-3,gei_1/17/1,0,2019-08-13T16:05:00Z,8,0,27,5,25,0,0
172.22.203.45,GPON00-D4-BDN-3,gei_1/17/1,0,2019-08-13T16:05:00Z,8,0,27,4,26,0,0
172.22.203.45,GPON00-D4-BDN-3,gei_1/17/1,0,2019-08-13T16:05:00Z,8,0,27,3,48,0,0
172.22.203.45,GPON00-D4-BDN-3,gei_1/17/1,0,2019-08-13T16:05:00Z,8,0,27,2,49,0,0
172.22.203.45,GPON00-D4-BDN-3,gei_1/17/1,0,2019-08-13T16:05:00Z,8,0,27,1,0,0,0
172.22.203.45,GPON00-D4-BDN-3,gei_1/17/1,0,2019-08-13T16:05:00Z,8,0,27,0,0,0,0
172.22.203.45,GPON00-D4-BDN-3,gei_1/17/1,0,2019-08-13T16:05:00Z,8,0,27,20,24,0,0
172.22.203.45,GPON00-D4-BDN-3,gei_1/17/1,0,2019-08-13T16:05:00Z,8,0,27,19,24,0,0
172.22.203.45,GPON00-D4-BDN-3,gei_1/17/1,0,2019-08-13T16:05:00Z,8,0,27,17,5,0,0
172.22.203.45,GPON00-D4-BDN-3,gei_1/17/1,0,2019-08-13T16:05:00Z,8,0,27,11,63,0,0
172.22.203.45,GPON00-D4-BDN-3,gei_1/17/1,0,2019-08-13T16:05:00Z,8,0,27,10,67,0,0
172.22.203.45,GPON00-D4-BDN-3,gei_1/17/1,0,2019-08-13T16:05:00Z,8,0,27,9,19,0,0
172.22.203.45,GPON00-D4-BDN-3,gei_1/17/1,0,2019-08-13T16:05:00Z,8,0,27,8,19,0,0
172.22.203.45,GPON00-D4-BDN-3,gei_1/17/1,0,2019-08-13T16:05:00Z,8,0,27,7,19,0,0
172.22.203.45,GPON00-D4-BDN-3,gei_1/17/1,0,2019-08-13T16:05:00Z,8,0,27,6,19,0,0
172.22.203.45,GPON00-D4-BDN-3,gei_1/17/1,0,2019-08-13T16:05:00Z,8,0,27,5,25,0,0
172.22.203.45,GPON00-D4-BDN-3,gei_1/17/1,0,2019-08-13T16:05:00Z,8,0,27,4,26,0,0
172.22.203.45,GPON00-D4-BDN-3,gei_1/17/1,0,2019-08-13T16:05:00Z,8,0,27,3,48,0,0
172.22.203.45,GPON00-D4-BDN-3,gei_1/17/1,0,2019-08-13T16:05:00Z,8,0,27,2,49,0,0
172.22.203.45,GPON00-D4-BDN-3,gei_1/17/1,0,2019-08-13T16:05:00Z,8,0,27,1,0,0,0
172.22.203.45,GPON00-D4-BDN-3,gei_1/17/1,0,2019-08-13T16:05:00Z,8,0,27,0,0,0,0
172.22.203.45,GPON00-D4-BDN-3,gei_1/17/1,0,2019-08-13T16:05:00Z,8,0,27,20,24,0,0
172.22.203.45,GPON00-D4-BDN-3,gei_1/17/1,0,2019-08-13T16:05:00Z,8,0,27,19,24,0,0
172.22.203.45,GPON00-D4-BDN-3,gei_1/17/1,0,2019-08-13T16:05:00Z,8,0,27,17,5,0,0
172.22.203.45,GPON00-D4-BDN-3,gei_1/17/1,0,2019-08-13T16:05:00Z,8,0,27,11,63,0,0
172.22.203.45,GPON00-D4-BDN-3,gei_1/17/1,0,2019-08-13T16:05:00Z,8,0,27,10,67,0,0
172.22.203.45,GPON00-D4-BDN-3,gei_1/17/1,0,2019-08-13T16:05:00Z,8,0,27,9,19,0,0
172.22.203.45,GPON00-D4-BDN-3,gei_1/17/1,0,2019-08-13T16:05:00Z,8,0,27,8,19,0,0
172.22.203.45,GPON00-D4-BDN-3,gei_1/17/1,0,2019-08-13T16:05:00Z,8,0,27,7,19,0,0
172.22.203.45,GPON00-D4-BDN-3,gei_1/17/1,0,2019-08-13T16:05:00Z,8,0,27,6,19,0,0
172.22.203.45,GPON00-D4-BDN-3,gei_1/17/1,0,2019-08-13T16:05:00Z,8,0,27,5,25,0,0
172.22.203.45,GPON00-D4-BDN-3,gei_1/17/1,0,2019-08-13T16:05:00Z,8,0,27,4,26,0,0
172.22.203.45,GPON00-D4-BDN-3,gei_1/17/1,0,2019-08-13T16:05:00Z,8,0,27,3,48,0,0
172.22.203.45,GPON00-D4-BDN-3,gei_1/17/1,0,2019-08-13T16:05:00Z,8,0,27,2,49,0,0
172.22.203.45,GPON00-D4-BDN-3,gei_1/17/1,0,2019-08-13T16:05:00Z,8,0,27,1,0,0,0
172.22.203.45,GPON00-D4-BDN-3,gei_1/17/1,0,2019-08-13T16:05:00Z,7,0,29,0,0,0,0
172.22.203.45,GPON00-D4-BDN-3,gei_1/17/1,0,2019-08-13T16:05:00Z,7,0,29,20,24,0,0
172.22.203.45,GPON00-D4-BDN-3,gei_1/17/1,0,2019-08-13T16:05:00Z,7,0,29,19,24,0,0
172.22.203.45,GPON00-D4-BDN-3,gei_1/17/1,0,2019-08-13T16:05:00Z,7,0,29,17,5,0,0
172.22.203.45,GPON00-D4-BDN-3,gei_1/17/1,0,2019-08-13T16:05:00Z,7,0,29,11,63,0,0
172.22.203.45,GPON00-D4-BDN-3,gei_1/17/1,0,2019-08-13T16:05:00Z,7,0,29,10,67,0,0
172.22.203.45,GPON00-D4-BDN-3,gei_1/17/1,0,2019-08-13T16:05:00Z,7,0,29,9,19,0,0
172.22.203.45,GPON00-D4-BDN-3,gei_1/17/1,0,2019-08-13T16:05:00Z,7,0,29,8,19,0,0
172.22.203.45,GPON00-D4-BDN-3,gei_1/17/1,0,2019-08-13T16:05:00Z,7,0,29,7,19,0,0
172.22.203.45,GPON00-D4-BDN-3,gei_1/17/1,0,2019-08-13T16:05:00Z,7,0,29,6,19,0,0
172.22.203.45,GPON00-D4-BDN-3,gei_1/17/1,0,2019-08-13T16:05:00Z,7,0,29,5,25,0,0
172.22.203.45,GPON00-D4-BDN-3,gei_1/17/1,0,2019-08-13T16:05:00Z,7,0,29,4,26,0,0
172.22.203.45,GPON00-D4-BDN-3,gei_1/17/1,0,2019-08-13T16:05:00Z,7,0,29,3,48,0,0
172.22.203.45,GPON00-D4-BDN-3,gei_1/17/1,0,2019-08-13T16:05:00Z,7,0,29,2,49,0,0
172.22.203.45,GPON00-D4-BDN-3,gei_1/17/1,0,2019-08-13T16:05:00Z,7,0,29,1,0,0,0
172.22.203.45,GPON00-D4-BDN-3,gei_1/17/1,0,2019-08-13T16:05:00Z,7,0,29,0,0,0,0
172.22.203.45,GPON00-D4-BDN-3,gei_1/17/1,0,2019-08-13T16:05:00Z,7,0,29,20,24,0,0
172.22.203.45,GPON00-D4-BDN-3,gei_1/17/1,0,2019-08-13T16:05:00Z,7,0,29,19,24,0,0
172.22.203.45,GPON00-D4-BDN-3,gei_1/17/1,0,2019-08-13T16:05:00Z,7,0,29,17,5,0,0
172.22.203.45,GPON00-D4-BDN-3,gei_1/17/1,0,2019-08-13T16:05:00Z,7,0,29,11,63,0,0
172.22.203.45,GPON00-D4-BDN-3,gei_1/17/1,0,2019-08-13T16:05:00Z,7,0,29,10,67,0,0
172.22.203.45,GPON00-D4-BDN-3,gei_1/17/1,0,2019-08-13T16:05:00Z,7,0,29,9,19,0,0
172.22.203.45,GPON00-D4-BDN-3,gei_1/17/1,0,2019-08-13T16:05:00Z,7,0,29,8,19,0,0
172.22.203.45,GPON00-D4-BDN-3,gei_1/17/1,0,2019-08-13T16:05:00Z,7,0,29,7,19,0,0
172.22.203.45,GPON00-D4-BDN-3,gei_1/17/1,0,2019-08-13T16:05:00Z,7,0,29,6,19,0,0
172.22.203.45,GPON00-D4-BDN-3,gei_1/17/1,0,2019-08-13T16:05:00Z,7,0,29,5,25,0,0
172.22.203.45,GPON00-D4-BDN-3,gei_1/17/1,0,2019-08-13T16:05:00Z,7,0,29,4,26,0,0
172.22.203.45,GPON00-D4-BDN-3,gei_1/17/1,0,2019-08-13T16:05:00Z,7,0,29,3,48,0,0
172.22.203.45,GPON00-D4-BDN-3,gei_1/17/1,0,2019-08-13T16:05:00Z,7,0,29,2,49,0,0
172.22.203.45,GPON00-D4-BDN-3,gei_1/17/1,0,2019-08-13T16:05:00Z,7,0,29,1,0,0,0
172.22.203.45,GPON00-D4-BDN-3,gei_1/17/1,0,2019-08-13T16:05:00Z,7,0,29,0,0,0,0
172.22.203.45,GPON00-D4-BDN-3,gei_1/17/1,0,2019-08-13T16:05:00Z,7,0,29,20,24,0,0
172.22.203.45,GPON00-D4-BDN-3,gei_1/17/1,0,2019-08-13T16:05:00Z,7,0,29,19,24,0,0
172.22.203.45,GPON00-D4-BDN-3,gei_1/17/1,0,2019-08-13T16:05:00Z,7,0,29,17,5,0,0
172.22.203.45,GPON00-D4-BDN-3,gei_1/17/1,0,2019-08-13T16:05:00Z,7,0,29,11,63,0,0
172.22.203.45,GPON00-D4-BDN-3,gei_1/17/1,0,2019-08-13T16:05:00Z,7,0,29,10,67,0,0
172.22.203.45,GPON00-D4-BDN-3,gei_1/17/1,0,2019-08-13T16:05:00Z,7,0,29,9,19,0,0
172.22.203.45,GPON00-D4-BDN-3,gei_1/17/1,0,2019-08-13T16:05:00Z,7,0,29,8,19,0,0
172.22.203.45,GPON00-D4-BDN-3,gei_1/17/1,0,2019-08-13T16:05:00Z,7,0,29,7,19,0,0
172.22.203.45,GPON00-D4-BDN-3,gei_1/17/1,0,2019-08-13T16:05:00Z,7,0,29,6,19,0,0
172.22.203.45,GPON00-D4-BDN-3,gei_1/17/1,0,2019-08-13T16:05:00Z,7,0,29,5,25,0,0
172.22.203.45,GPON00-D4-BDN-3,gei_1/17/1,0,2019-08-13T16:05:00Z,7,0,29,4,26,0,0
172.22.203.45,GPON00-D4-BDN-3,gei_1/17/1,0,2019-08-13T16:05:00Z,7,0,29,3,48,0,0
172.22.203.45,GPON00-D4-BDN-3,gei_1/17/1,0,2019-08-13T16:05:00Z,7,0,29,2,49,0,0
172.22.203.45,GPON00-D4-BDN-3,gei_1/17/1,0,2019-08-13T16:05:00Z,7,0,29,1,0,0,0
172.22.203.45,GPON00-D4-BDN-3,gei_1/17/1,0,2019-08-13T16:05:00Z,7,0,29,0,0,0,0
172.22.203.45,GPON00-D4-BDN-3,gei_1/17/1,0,2019-08-13T16:05:00Z,7,0,29,20,24,0,0
172.22.203.45,GPON00-D4-BDN-3,gei_1/17/1,0,2019-08-13T16:05:00Z,7,0,29,19,24,0,0
172.22.203.45,GPON00-D4-BDN-3,gei_1/17/1,0,2019-08-13T16:05:00Z,7,0,29,17,5,0,0
172.22.203.45,GPON00-D4-BDN-3,gei_1/17/1,0,2019-08-13T16:05:00Z,7,0,29,11,63,0,0
172.22.203.45,GPON00-D4-BDN-3,gei_1/17/1,0,2019-08-13T16:05:00Z,7,0,29,10,67,0,0
172.22.203.45,GPON00-D4-BDN-3,gei_1/17/1,0,2019-08-13T16:05:00Z,7,0,29,9,19,0,0
172.22.203.45,GPON00-D4-BDN-3,gei_1/17/1,0,2019-08-13T16:05:00Z,7,0,29,8,19,0,0
172.22.203.45,GPON00-D4-BDN-3,gei_1/17/1,0,2019-08-13T16:05:00Z,7,0,29,7,19,0,0
172.22.203.45,GPON00-D4-BDN-3,gei_1/17/1,0,2019-08-13T16:05:00Z,7,0,29,6,19,0,0
172.22.203.45,GPON00-D4-BDN-3,gei_1/17/1,0,2019-08-13T16:05:00Z,7,0,29,5,25,0,0
172.22.203.45,GPON00-D4-BDN-3,gei_1/17/1,0,2019-08-13T16:05:00Z,7,0,29,4,26,0,0
172.22.203.45,GPON00-D4-BDN-3,gei_1/17/1,0,2019-08-13T16:05:00Z,7,0,29,3,48,0,0
172.22.203.45,GPON00-D4-BDN-3,gei_1/17/1,0,2019-08-13T16:05:00Z,7,0,29,2,49,0,0
172.22.203.45,GPON00-D4-BDN-3,gei_1/17/1,0,2019-08-13T16:05:00Z,7,0,29,1,0,0,0
172.22.203.45,GPON00-D4-BDN-3,gei_1/17/1,0,2019-08-13T16:05:00Z,6,0,28,0,0,0,0
172.22.203.45,GPON00-D4-BDN-3,gei_1/17/1,0,2019-08-13T16:05:00Z,6,0,28,20,24,0,0
172.22.203.45,GPON00-D4-BDN-3,gei_1/17/1,0,2019-08-13T16:05:00Z,6,0,28,19,24,0,0
172.22.203.45,GPON00-D4-BDN-3,gei_1/17/1,0,2019-08-13T16:05:00Z,6,0,28,17,5,0,0
172.22.203.45,GPON00-D4-BDN-3,gei_1/17/1,0,2019-08-13T16:05:00Z,6,0,28,11,63,0,0
172.22.203.45,GPON00-D4-BDN-3,gei_1/17/1,0,2019-08-13T16:05:00Z,6,0,28,10,67,0,0
172.22.203.45,GPON00-D4-BDN-3,gei_1/17/1,0,2019-08-13T16:05:00Z,6,0,28,9,19,0,0
172.22.203.45,GPON00-D4-BDN-3,gei_1/17/1,0,2019-08-13T16:05:00Z,6,0,28,8,19,0,0
172.22.203.45,GPON00-D4-BDN-3,gei_1/17/1,0,2019-08-13T16:05:00Z,6,0,28,7,19,0,0
172.22.203.45,GPON00-D4-BDN-3,gei_1/17/1,0,2019-08-13T16:05:00Z,6,0,28,6,19,0,0
172.22.203.45,GPON00-D4-BDN-3,gei_1/17/1,0,2019-08-13T16:05:00Z,6,0,28,5,25,0,0
172.22.203.45,GPON00-D4-BDN-3,gei_1/17/1,0,2019-08-13T16:05:00Z,6,0,28,4,26,0,0
172.22.203.45,GPON00-D4-BDN-3,gei_1/17/1,0,2019-08-13T16:05:00Z,6,0,28,3,48,0,0
172.22.203.45,GPON00-D4-BDN-3,gei_1/17/1,0,2019-08-13T16:05:00Z,6,0,28,2,49,0,0
172.22.203.45,GPON00-D4-BDN-3,gei_1/17/1,0,2019-08-13T16:05:00Z,6,0,28,1,0,0,0
172.22.203.45,GPON00-D4-BDN-3,gei_1/17/1,0,2019-08-13T16:05:00Z,6,0,28,0,0,0,0
172.22.203.45,GPON00-D4-BDN-3,gei_1/17/1,0,2019-08-13T16:05:00Z,6,0,28,20,24,0,0
172.22.203.45,GPON00-D4-BDN-3,gei_1/17/1,0,2019-08-13T16:05:00Z,6,0,28,19,24,0,0
172.22.203.45,GPON00-D4-BDN-3,gei_1/17/1,0,2019-08-13T16:05:00Z,6,0,28,17,5,0,0
172.22.203.45,GPON00-D4-BDN-3,gei_1/17/1,0,2019-08-13T16:05:00Z,6,0,28,11,63,0,0
172.22.203.45,GPON00-D4-BDN-3,gei_1/17/1,0,2019-08-13T16:05:00Z,6,0,28,10,67,0,0
172.22.203.45,GPON00-D4-BDN-3,gei_1/17/1,0,2019-08-13T16:05:00Z,6,0,28,9,19,0,0
172.22.203.45,GPON00-D4-BDN-3,gei_1/17/1,0,2019-08-13T16:05:00Z,6,0,28,8,19,0,0
172.22.203.45,GPON00-D4-BDN-3,gei_1/17/1,0,2019-08-13T16:05:00Z,6,0,28,7,19,0,0
172.22.203.45,GPON00-D4-BDN-3,gei_1/17/1,0,2019-08-13T16:05:00Z,6,0,28,6,19,0,0
172.22.203.45,GPON00-D4-BDN-3,gei_1/17/1,0,2019-08-13T16:05:00Z,6,0,28,5,25,0,0
172.22.203.45,GPON00-D4-BDN-3,gei_1/17/1,0,2019-08-13T16:05:00Z,6,0,28,4,26,0,0
172.22.203.45,GPON00-D4-BDN-3,gei_1/17/1,0,2019-08-13T16:05:00Z,6,0,28,3,48,0,0
172.22.203.45,GPON00-D4-BDN-3,gei_1/17/1,0,2019-08-13T16:05:00Z,6,0,28,2,49,0,0
172.22.203.45,GPON00-D4-BDN-3,gei_1/17/1,0,2019-08-13T16:05:00Z,6,0,28,1,0,0,0
172.22.203.45,GPON00-D4-BDN-3,gei_1/17/1,0,2019-08-13T16:05:00Z,6,0,28,0,0,0,0
172.22.203.45,GPON00-D4-BDN-3,gei_1/17/1,0,2019-08-13T16:05:00Z,6,0,28,20,24,0,0
172.22.203.45,GPON00-D4-BDN-3,gei_1/17/1,0,2019-08-13T16:05:00Z,6,0,28,19,24,0,0
172.22.203.45,GPON00-D4-BDN-3,gei_1/17/1,0,2019-08-13T16:05:00Z,6,0,28,17,5,0,0
172.22.203.45,GPON00-D4-BDN-3,gei_1/17/1,0,2019-08-13T16:05:00Z,6,0,28,11,63,0,0
172.22.203.45,GPON00-D4-BDN-3,gei_1/17/1,0,2019-08-13T16:05:00Z,6,0,28,10,67,0,0
172.22.203.45,GPON00-D4-BDN-3,gei_1/17/1,0,2019-08-13T16:05:00Z,6,0,28,9,19,0,0
172.22.203.45,GPON00-D4-BDN-3,gei_1/17/1,0,2019-08-13T16:05:00Z,6,0,28,8,19,0,0
172.22.203.45,GPON00-D4-BDN-3,gei_1/17/1,0,2019-08-13T16:05:00Z,6,0,28,7,19,0,0
172.22.203.45,GPON00-D4-BDN-3,gei_1/17/1,0,2019-08-13T16:05:00Z,6,0,28,6,19,0,0
172.22.203.45,GPON00-D4-BDN-3,gei_1/17/1,0,2019-08-13T16:05:00Z,6,0,28,5,25,0,0
172.22.203.45,GPON00-D4-BDN-3,gei_1/17/1,0,2019-08-13T16:05:00Z,6,0,28,4,26,0,0
172.22.203.45,GPON00-D4-BDN-3,gei_1/17/1,0,2019-08-13T16:05:00Z,6,0,28,3,48,0,0
172.22.203.45,GPON00-D4-BDN-3,gei_1/17/1,0,2019-08-13T16:05:00Z,6,0,28,2,49,0,0
172.22.203.45,GPON00-D4-BDN-3,gei_1/17/1,0,2019-08-13T16:05:00Z,6,0,28,1,0,0,0
172.22.203.45,GPON00-D4-BDN-3,gei_1/17/1,0,2019-08-13T16:05:00Z,6,0,28,0,0,0,0
172.22.203.45,GPON00-D4-BDN-3,gei_1/17/1,0,2019-08-13T16:05:00Z,6,0,28,20,24,0,0
172.22.203.45,GPON00-D4-BDN-3,gei_1/17/1,0,2019-08-13T16:05:00Z,6,0,28,19,24,0,0
172.22.203.45,GPON00-D4-BDN-3,gei_1/17/1,0,2019-08-13T16:05:00Z,6,0,28,17,5,0,0
172.22.203.45,GPON00-D4-BDN-3,gei_1/17/1,0,2019-08-13T16:05:00Z,6,0,28,11,63,0,0
172.22.203.45,GPON00-D4-BDN-3,gei_1/17/1,0,2019-08-13T16:05:00Z,6,0,28,10,67,0,0
172.22.203.45,GPON00-D4-BDN-3,gei_1/17/1,0,2019-08-13T16:05:00Z,6,0,28,9,19,0,0
172.22.203.45,GPON00-D4-BDN-3,gei_1/17/1,0,2019-08-13T16:05:00Z,6,0,28,8,19,0,0
172.22.203.45,GPON00-D4-BDN-3,gei_1/17/1,0,2019-08-13T16:05:00Z,6,0,28,7,19,0,0
172.22.203.45,GPON00-D4-BDN-3,gei_1/17/1,0,2019-08-13T16:05:00Z,6,0,28,6,19,0,0
172.22.203.45,GPON00-D4-BDN-3,gei_1/17/1,0,2019-08-13T16:05:00Z,6,0,28,5,25,0,0
172.22.203.45,GPON00-D4-BDN-3,gei_1/17/1,0,2019-08-13T16:05:00Z,6,0,28,4,26,0,0
172.22.203.45,GPON00-D4-BDN-3,gei_1/17/1,0,2019-08-13T16:05:00Z,6,0,28,3,48,0,0
172.22.203.45,GPON00-D4-BDN-3,gei_1/17/1,0,2019-08-13T16:05:00Z,6,0,28,2,49,0,0
172.22.203.45,GPON00-D4-BDN-3,gei_1/17/1,0,2019-08-13T16:05:00Z,6,0,28,1,0,0,0
172.22.203.45,GPON00-D4-BDN-3,gei_1/17/1,0,2019-08-13T16:05:00Z,5,0,26,0,0,0,0
172.22.203.45,GPON00-D4-BDN-3,gei_1/17/1,0,2019-08-13T16:05:00Z,5,0,26,20,24,0,0
172.22.203.45,GPON00-D4-BDN-3,gei_1/17/1,0,2019-08-13T16:05:00Z,5,0,26,19,24,0,0
172.22.203.45,GPON00-D4-BDN-3,gei_1/17/1,0,2019-08-13T16:05:00Z,5,0,26,17,5,0,0
172.22.203.45,GPON00-D4-BDN-3,gei_1/17/1,0,2019-08-13T16:05:00Z,5,0,26,11,63,0,0
172.22.203.45,GPON00-D4-BDN-3,gei_1/17/1,0,2019-08-13T16:05:00Z,5,0,26,10,67,0,0
172.22.203.45,GPON00-D4-BDN-3,gei_1/17/1,0,2019-08-13T16:05:00Z,5,0,26,9,19,0,0
172.22.203.45,GPON00-D4-BDN-3,gei_1/17/1,0,2019-08-13T16:05:00Z,5,0,26,8,19,0,0
172.22.203.45,GPON00-D4-BDN-3,gei_1/17/1,0,2019-08-13T16:05:00Z,5,0,26,7,19,0,0
172.22.203.45,GPON00-D4-BDN-3,gei_1/17/1,0,2019-08-13T16:05:00Z,5,0,26,6,19,0,0
172.22.203.45,GPON00-D4-BDN-3,gei_1/17/1,0,2019-08-13T16:05:00Z,5,0,26,5,25,0,0
172.22.203.45,GPON00-D4-BDN-3,gei_1/17/1,0,2019-08-13T16:05:00Z,5,0,26,4,26,0,0
172.22.203.45,GPON00-D4-BDN-3,gei_1/17/1,0,2019-08-13T16:05:00Z,5,0,26,3,48,0,0
172.22.203.45,GPON00-D4-BDN-3,gei_1/17/1,0,2019-08-13T16:05:00Z,5,0,26,2,49,0,0
172.22.203.45,GPON00-D4-BDN-3,gei_1/17/1,0,2019-08-13T16:05:00Z,5,0,26,1,0,0,0
172.22.203.45,GPON00-D4-BDN-3,gei_1/17/1,0,2019-08-13T16:05:00Z,5,0,26,0,0,0,0
172.22.203.45,GPON00-D4-BDN-3,gei_1/17/1,0,2019-08-13T16:05:00Z,5,0,26,20,24,0,0
172.22.203.45,GPON00-D4-BDN-3,gei_1/17/1,0,2019-08-13T16:05:00Z,5,0,26,19,24,0,0
172.22.203.45,GPON00-D4-BDN-3,gei_1/17/1,0,2019-08-13T16:05:00Z,5,0,26,17,5,0,0
172.22.203.45,GPON00-D4-BDN-3,gei_1/17/1,0,2019-08-13T16:05:00Z,5,0,26,11,63,0,0
172.22.203.45,GPON00-D4-BDN-3,gei_1/17/1,0,2019-08-13T16:05:00Z,5,0,26,10,67,0,0
172.22.203.45,GPON00-D4-BDN-3,gei_1/17/1,0,2019-08-13T16:05:00Z,5,0,26,9,19,0,0
172.22.203.45,GPON00-D4-BDN-3,gei_1/17/1,0,2019-08-13T16:05:00Z,5,0,26,8,19,0,0
172.22.203.45,GPON00-D4-BDN-3,gei_1/17/1,0,2019-08-13T16:05:00Z,5,0,26,7,19,0,0
172.22.203.45,GPON00-D4-BDN-3,gei_1/17/1,0,2019-08-13T16:05:00Z,5,0,26,6,19,0,0
172.22.203.45,GPON00-D4-BDN-3,gei_1/17/1,0,2019-08-13T16:05:00Z,5,0,26,5,25,0,0
172.22.203.45,GPON00-D4-BDN-3,gei_1/17/1,0,2019-08-13T16:05:00Z,5,0,26,4,26,0,0
172.22.203.45,GPON00-D4-BDN-3,gei_1/17/1,0,2019-08-13T16:05:00Z,5,0,26,3,48,0,0
172.22.203.45,GPON00-D4-BDN-3,gei_1/17/1,0,2019-08-13T16:05:00Z,5,0,26,2,49,0,0
172.22.203.45,GPON00-D4-BDN-3,gei_1/17/1,0,2019-08-13T16:05:00Z,5,0,26,1,0,0,0
172.22.203.45,GPON00-D4-BDN-3,gei_1/17/1,0,2019-08-13T16:05:00Z,5,0,26,0,0,0,0
172.22.203.45,GPON00-D4-BDN-3,gei_1/17/1,0,2019-08-13T16:05:00Z,5,0,26,20,24,0,0
172.22.203.45,GPON00-D4-BDN-3,gei_1/17/1,0,2019-08-13T16:05:00Z,5,0,26,19,24,0,0
172.22.203.45,GPON00-D4-BDN-3,gei_1/17/1,0,2019-08-13T16:05:00Z,5,0,26,17,5,0,0
172.22.203.45,GPON00-D4-BDN-3,gei_1/17/1,0,2019-08-13T16:05:00Z,5,0,26,11,63,0,0
172.22.203.45,GPON00-D4-BDN-3,gei_1/17/1,0,2019-08-13T16:05:00Z,5,0,26,10,67,0,0
172.22.203.45,GPON00-D4-BDN-3,gei_1/17/1,0,2019-08-13T16:05:00Z,5,0,26,9,19,0,0
172.22.203.45,GPON00-D4-BDN-3,gei_1/17/1,0,2019-08-13T16:05:00Z,5,0,26,8,19,0,0
172.22.203.45,GPON00-D4-BDN-3,gei_1/17/1,0,2019-08-13T16:05:00Z,5,0,26,7,19,0,0
172.22.203.45,GPON00-D4-BDN-3,gei_1/17/1,0,2019-08-13T16:05:00Z,5,0,26,6,19,0,0
172.22.203.45,GPON00-D4-BDN-3,gei_1/17/1,0,2019-08-13T16:05:00Z,5,0,26,5,25,0,0
172.22.203.45,GPON00-D4-BDN-3,gei_1/17/1,0,2019-08-13T16:05:00Z,5,0,26,4,26,0,0
172.22.203.45,GPON00-D4-BDN-3,gei_1/17/1,0,2019-08-13T16:05:00Z,5,0,26,3,48,0,0
172.22.203.45,GPON00-D4-BDN-3,gei_1/17/1,0,2019-08-13T16:05:00Z,5,0,26,2,49,0,0
172.22.203.45,GPON00-D4-BDN-3,gei_1/17/1,0,2019-08-13T16:05:00Z,5,0,26,1,0,0,0
172.22.203.45,GPON00-D4-BDN-3,gei_1/17/1,0,2019-08-13T16:05:00Z,5,0,26,0,0,0,0
172.22.203.45,GPON00-D4-BDN-3,gei_1/17/1,0,2019-08-13T16:05:00Z,5,0,26,20,24,0,0
172.22.203.45,GPON00-D4-BDN-3,gei_1/17/1,0,2019-08-13T16:05:00Z,5,0,26,19,24,0,0
172.22.203.45,GPON00-D4-BDN-3,gei_1/17/1,0,2019-08-13T16:05:00Z,5,0,26,17,5,0,0
172.22.203.45,GPON00-D4-BDN-3,gei_1/17/1,0,2019-08-13T16:05:00Z,5,0,26,11,63,0,0
172.22.203.45,GPON00-D4-BDN-3,gei_1/17/1,0,2019-08-13T16:05:00Z,5,0,26,10,67,0,0
172.22.203.45,GPON00-D4-BDN-3,gei_1/17/1,0,2019-08-13T16:05:00Z,5,0,26,9,19,0,0
172.22.203.45,GPON00-D4-BDN-3,gei_1/17/1,0,2019-08-13T16:05:00Z,5,0,26,8,19,0,0
172.22.203.45,GPON00-D4-BDN-3,gei_1/17/1,0,2019-08-13T16:05:00Z,5,0,26,7,19,0,0
172.22.203.45,GPON00-D4-BDN-3,gei_1/17/1,0,2019-08-13T16:05:00Z,5,0,26,6,19,0,0
172.22.203.45,GPON00-D4-BDN-3,gei_1/17/1,0,2019-08-13T16:05:00Z,5,0,26,5,25,0,0
172.22.203.45,GPON00-D4-BDN-3,gei_1/17/1,0,2019-08-13T16:05:00Z,5,0,26,4,26,0,0
172.22.203.45,GPON00-D4-BDN-3,gei_1/17/1,0,2019-08-13T16:05:00Z,5,0,26,3,48,0,0
172.22.203.45,GPON00-D4-BDN-3,gei_1/17/1,0,2019-08-13T16:05:00Z,5,0,26,2,49,0,0
172.22.203.45,GPON00-D4-BDN-3,gei_1/17/1,0,2019-08-13T16:05:00Z,5,0,26,1,0,0,0
172.22.203.45,GPON00-D4-BDN-3,gei_1/17/1,0,2019-08-13T16:05:00Z,4,0,27,0,0,0,0
172.22.203.45,GPON00-D4-BDN-3,gei_1/17/1,0,2019-08-13T16:05:00Z,4,0,27,20,24,0,0
172.22.203.45,GPON00-D4-BDN-3,gei_1/17/1,0,2019-08-13T16:05:00Z,4,0,27,19,24,0,0
172.22.203.45,GPON00-D4-BDN-3,gei_1/17/1,0,2019-08-13T16:05:00Z,4,0,27,17,5,0,0
172.22.203.45,GPON00-D4-BDN-3,gei_1/17/1,0,2019-08-13T16:05:00Z,4,0,27,11,63,0,0
172.22.203.45,GPON00-D4-BDN-3,gei_1/17/1,0,2019-08-13T16:05:00Z,4,0,27,10,67,0,0
172.22.203.45,GPON00-D4-BDN-3,gei_1/17/1,0,2019-08-13T16:05:00Z,4,0,27,9,19,0,0
172.22.203.45,GPON00-D4-BDN-3,gei_1/17/1,0,2019-08-13T16:05:00Z,4,0,27,8,19,0,0
172.22.203.45,GPON00-D4-BDN-3,gei_1/17/1,0,2019-08-13T16:05:00Z,4,0,27,7,19,0,0
172.22.203.45,GPON00-D4-BDN-3,gei_1/17/1,0,2019-08-13T16:05:00Z,4,0,27,6,19,0,0
172.22.203.45,GPON00-D4-BDN-3,gei_1/17/1,0,2019-08-13T16:05:00Z,4,0,27,5,25,0,0
172.22.203.45,GPON00-D4-BDN-3,gei_1/17/1,0,2019-08-13T16:05:00Z,4,0,27,4,26,0,0
172.22.203.45,GPON00-D4-BDN-3,gei_1/17/1,0,2019-08-13T16:05:00Z,4,0,27,3,48,0,0
172.22.203.45,GPON00-D4-BDN-3,gei_1/17/1,0,2019-08-13T16:05:00Z,4,0,27,2,49,0,0
172.22.203.45,GPON00-D4-BDN-3,gei_1/17/1,0,2019-08-13T16:05:00Z,4,0,27,1,0,0,0
172.22.203.45,GPON00-D4-BDN-3,gei_1/17/1,0,2019-08-13T16:05:00Z,4,0,27,0,0,0,0
172.22.203.45,GPON00-D4-BDN-3,gei_1/17/1,0,2019-08-13T16:05:00Z,4,0,27,20,24,0,0
172.22.203.45,GPON00-D4-BDN-3,gei_1/17/1,0,2019-08-13T16:05:00Z,4,0,27,19,24,0,0
172.22.203.45,GPON00-D4-BDN-3,gei_1/17/1,0,2019-08-13T16:05:00Z,4,0,27,17,5,0,0
172.22.203.45,GPON00-D4-BDN-3,gei_1/17/1,0,2019-08-13T16:05:00Z,4,0,27,11,63,0,0
172.22.203.45,GPON00-D4-BDN-3,gei_1/17/1,0,2019-08-13T16:05:00Z,4,0,27,10,67,0,0
172.22.203.45,GPON00-D4-BDN-3,gei_1/17/1,0,2019-08-13T16:05:00Z,4,0,27,9,19,0,0
172.22.203.45,GPON00-D4-BDN-3,gei_1/17/1,0,2019-08-13T16:05:00Z,4,0,27,8,19,0,0
172.22.203.45,GPON00-D4-BDN-3,gei_1/17/1,0,2019-08-13T16:05:00Z,4,0,27,7,19,0,0
172.22.203.45,GPON00-D4-BDN-3,gei_1/17/1,0,2019-08-13T16:05:00Z,4,0,27,6,19,0,0
172.22.203.45,GPON00-D4-BDN-3,gei_1/17/1,0,2019-08-13T16:05:00Z,4,0,27,5,25,0,0
172.22.203.45,GPON00-D4-BDN-3,gei_1/17/1,0,2019-08-13T16:05:00Z,4,0,27,4,26,0,0
172.22.203.45,GPON00-D4-BDN-3,gei_1/17/1,0,2019-08-13T16:05:00Z,4,0,27,3,48,0,0
172.22.203.45,GPON00-D4-BDN-3,gei_1/17/1,0,2019-08-13T16:05:00Z,4,0,27,2,49,0,0
172.22.203.45,GPON00-D4-BDN-3,gei_1/17/1,0,2019-08-13T16:05:00Z,4,0,27,1,0,0,0
172.22.203.45,GPON00-D4-BDN-3,gei_1/17/1,0,2019-08-13T16:05:00Z,4,0,27,0,0,0,0
172.22.203.45,GPON00-D4-BDN-3,gei_1/17/1,0,2019-08-13T16:05:00Z,4,0,27,20,24,0,0
172.22.203.45,GPON00-D4-BDN-3,gei_1/17/1,0,2019-08-13T16:05:00Z,4,0,27,19,24,0,0
172.22.203.45,GPON00-D4-BDN-3,gei_1/17/1,0,2019-08-13T16:05:00Z,4,0,27,17,5,0,0
172.22.203.45,GPON00-D4-BDN-3,gei_1/17/1,0,2019-08-13T16:05:00Z,4,0,27,11,63,0,0
172.22.203.45,GPON00-D4-BDN-3,gei_1/17/1,0,2019-08-13T16:05:00Z,4,0,27,10,67,0,0
172.22.203.45,GPON00-D4-BDN-3,gei_1/17/1,0,2019-08-13T16:05:00Z,4,0,27,9,19,0,0
172.22.203.45,GPON00-D4-BDN-3,gei_1/17/1,0,2019-08-13T16:05:00Z,4,0,27,8,19,0,0
172.22.203.45,GPON00-D4-BDN-3,gei_1/17/1,0,2019-08-13T16:05:00Z,4,0,27,7,19,0,0
172.22.203.45,GPON00-D4-BDN-3,gei_1/17/1,0,2019-08-13T16:05:00Z,4,0,27,6,19,0,0
172.22.203.45,GPON00-D4-BDN-3,gei_1/17/1,0,2019-08-13T16:05:00Z,4,0,27,5,25,0,0
172.22.203.45,GPON00-D4-BDN-3,gei_1/17/1,0,2019-08-13T16:05:00Z,4,0,27,4,26,0,0
172.22.203.45,GPON00-D4-BDN-3,gei_1/17/1,0,2019-08-13T16:05:00Z,4,0,27,3,48,0,0
172.22.203.45,GPON00-D4-BDN-3,gei_1/17/1,0,2019-08-13T16:05:00Z,4,0,27,2,49,0,0
172.22.203.45,GPON00-D4-BDN-3,gei_1/17/1,0,2019-08-13T16:05:00Z,4,0,27,1,0,0,0
172.22.203.45,GPON00-D4-BDN-3,gei_1/17/1,0,2019-08-13T16:05:00Z,4,0,27,0,0,0,0
172.22.203.45,GPON00-D4-BDN-3,gei_1/17/1,0,2019-08-13T16:05:00Z,4,0,27,20,24,0,0
172.22.203.45,GPON00-D4-BDN-3,gei_1/17/1,0,2019-08-13T16:05:00Z,4,0,27,19,24,0,0
172.22.203.45,GPON00-D4-BDN-3,gei_1/17/1,0,2019-08-13T16:05:00Z,4,0,27,17,5,0,0
172.22.203.45,GPON00-D4-BDN-3,gei_1/17/1,0,2019-08-13T16:05:00Z,4,0,27,11,63,0,0
172.22.203.45,GPON00-D4-BDN-3,gei_1/17/1,0,2019-08-13T16:05:00Z,4,0,27,10,67,0,0
172.22.203.45,GPON00-D4-BDN-3,gei_1/17/1,0,2019-08-13T16:05:00Z,4,0,27,9,19,0,0
172.22.203.45,GPON00-D4-BDN-3,gei_1/17/1,0,2019-08-13T16:05:00Z,4,0,27,8,19,0,0
172.22.203.45,GPON00-D4-BDN-3,gei_1/17/1,0,2019-08-13T16:05:00Z,4,0,27,7,19,0,0
172.22.203.45,GPON00-D4-BDN-3,gei_1/17/1,0,2019-08-13T16:05:00Z,4,0,27,6,19,0,0
172.22.203.45,GPON00-D4-BDN-3,gei_1/17/1,0,2019-08-13T16:05:00Z,4,0,27,5,25,0,0
172.22.203.45,GPON00-D4-BDN-3,gei_1/17/1,0,2019-08-13T16:05:00Z,4,0,27,4,26,0,0
172.22.203.45,GPON00-D4-BDN-3,gei_1/17/1,0,2019-08-13T16:05:00Z,4,0,27,3,48,0,0
172.22.203.45,GPON00-D4-BDN-3,gei_1/17/1,0,2019-08-13T16:05:00Z,4,0,27,2,49,0,0
172.22.203.45,GPON00-D4-BDN-3,gei_1/17/1,0,2019-08-13T16:05:00Z,4,0,27,1,0,0,0
172.22.203.45,GPON00-D4-BDN-3,gei_1/17/1,0,2019-08-13T16:05:00Z,3,0,32,0,0,0,0
172.22.203.45,GPON00-D4-BDN-3,gei_1/17/1,0,2019-08-13T16:05:00Z,3,0,32,20,24,0,0
172.22.203.45,GPON00-D4-BDN-3,gei_1/17/1,0,2019-08-13T16:05:00Z,3,0,32,19,24,0,0
172.22.203.45,GPON00-D4-BDN-3,gei_1/17/1,0,2019-08-13T16:05:00Z,3,0,32,17,5,0,0
172.22.203.45,GPON00-D4-BDN-3,gei_1/17/1,0,2019-08-13T16:05:00Z,3,0,32,11,63,0,0
172.22.203.45,GPON00-D4-BDN-3,gei_1/17/1,0,2019-08-13T16:05:00Z,3,0,32,10,67,0,0
172.22.203.45,GPON00-D4-BDN-3,gei_1/17/1,0,2019-08-13T16:05:00Z,3,0,32,9,19,0,0
172.22.203.45,GPON00-D4-BDN-3,gei_1/17/1,0,2019-08-13T16:05:00Z,3,0,32,8,19,0,0
172.22.203.45,GPON00-D4-BDN-3,gei_1/17/1,0,2019-08-13T16:05:00Z,3,0,32,7,19,0,0
172.22.203.45,GPON00-D4-BDN-3,gei_1/17/1,0,2019-08-13T16:05:00Z,3,0,32,6,19,0,0
172.22.203.45,GPON00-D4-BDN-3,gei_1/17/1,0,2019-08-13T16:05:00Z,3,0,32,5,25,0,0
172.22.203.45,GPON00-D4-BDN-3,gei_1/17/1,0,2019-08-13T16:05:00Z,3,0,32,4,26,0,0
172.22.203.45,GPON00-D4-BDN-3,gei_1/17/1,0,2019-08-13T16:05:00Z,3,0,32,3,48,0,0
172.22.203.45,GPON00-D4-BDN-3,gei_1/17/1,0,2019-08-13T16:05:00Z,3,0,32,2,49,0,0
172.22.203.45,GPON00-D4-BDN-3,gei_1/17/1,0,2019-08-13T16:05:00Z,3,0,32,1,0,0,0
172.22.203.45,GPON00-D4-BDN-3,gei_1/17/1,0,2019-08-13T16:05:00Z,3,0,32,0,0,0,0
172.22.203.45,GPON00-D4-BDN-3,gei_1/17/1,0,2019-08-13T16:05:00Z,3,0,32,20,24,0,0
172.22.203.45,GPON00-D4-BDN-3,gei_1/17/1,0,2019-08-13T16:05:00Z,3,0,32,19,24,0,0
172.22.203.45,GPON00-D4-BDN-3,gei_1/17/1,0,2019-08-13T16:05:00Z,3,0,32,17,5,0,0
172.22.203.45,GPON00-D4-BDN-3,gei_1/17/1,0,2019-08-13T16:05:00Z,3,0,32,11,63,0,0
172.22.203.45,GPON00-D4-BDN-3,gei_1/17/1,0,2019-08-13T16:05:00Z,3,0,32,10,67,0,0
172.22.203.45,GPON00-D4-BDN-3,gei_1/17/1,0,2019-08-13T16:05:00Z,3,0,32,9,19,0,0
172.22.203.45,GPON00-D4-BDN-3,gei_1/17/1,0,2019-08-13T16:05:00Z,3,0,32,8,19,0,0
172.22.203.45,GPON00-D4-BDN-3,gei_1/17/1,0,2019-08-13T16:05:00Z,3,0,32,7,19,0,0
172.22.203.45,GPON00-D4-BDN-3,gei_1/17/1,0,2019-08-13T16:05:00Z,3,0,32,6,19,0,0
172.22.203.45,GPON00-D4-BDN-3,gei_1/17/1,0,2019-08-13T16:05:00Z,3,0,32,5,25,0,0
172.22.203.45,GPON00-D4-BDN-3,gei_1/17/1,0,2019-08-13T16:05:00Z,3,0,32,4,26,0,0
172.22.203.45,GPON00-D4-BDN-3,gei_1/17/1,0,2019-08-13T16:05:00Z,3,0,32,3,48,0,0
172.22.203.45,GPON00-D4-BDN-3,gei_1/17/1,0,2019-08-13T16:05:00Z,3,0,32,2,49,0,0
172.22.203.45,GPON00-D4-BDN-3,gei_1/17/1,0,2019-08-13T16:05:00Z,3,0,32,1,0,0,0
172.22.203.45,GPON00-D4-BDN-3,gei_1/17/1,0,2019-08-13T16:05:00Z,3,0,32,0,0,0,0
172.22.203.45,GPON00-D4-BDN-3,gei_1/17/1,0,2019-08-13T16:05:00Z,3,0,32,20,24,0,0
172.22.203.45,GPON00-D4-BDN-3,gei_1/17/1,0,2019-08-13T16:05:00Z,3,0,32,19,24,0,0
172.22.203.45,GPON00-D4-BDN-3,gei_1/17/1,0,2019-08-13T16:05:00Z,3,0,32,17,5,0,0
172.22.203.45,GPON00-D4-BDN-3,gei_1/17/1,0,2019-08-13T16:05:00Z,3,0,32,11,63,0,0
172.22.203.45,GPON00-D4-BDN-3,gei_1/17/1,0,2019-08-13T16:05:00Z,3,0,32,10,67,0,0
172.22.203.45,GPON00-D4-BDN-3,gei_1/17/1,0,2019-08-13T16:05:00Z,3,0,32,9,19,0,0
172.22.203.45,GPON00-D4-BDN-3,gei_1/17/1,0,2019-08-13T16:05:00Z,3,0,32,8,19,0,0
172.22.203.45,GPON00-D4-BDN-3,gei_1/17/1,0,2019-08-13T16:05:00Z,3,0,32,7,19,0,0
172.22.203.45,GPON00-D4-BDN-3,gei_1/17/1,0,2019-08-13T16:05:00Z,3,0,32,6,19,0,0
172.22.203.45,GPON00-D4-BDN-3,gei_1/17/1,0,2019-08-13T16:05:00Z,3,0,32,5,25,0,0
172.22.203.45,GPON00-D4-BDN-3,gei_1/17/1,0,2019-08-13T16:05:00Z,3,0,32,4,26,0,0
172.22.203.45,GPON00-D4-BDN-3,gei_1/17/1,0,2019-08-13T16:05:00Z,3,0,32,3,48,0,0
172.22.203.45,GPON00-D4-BDN-3,gei_1/17/1,0,2019-08-13T16:05:00Z,3,0,32,2,49,0,0
172.22.203.45,GPON00-D4-BDN-3,gei_1/17/1,0,2019-08-13T16:05:00Z,3,0,32,1,0,0,0
172.22.203.45,GPON00-D4-BDN-3,gei_1/17/1,0,2019-08-13T16:05:00Z,3,0,32,0,0,0,0
172.22.203.45,GPON00-D4-BDN-3,gei_1/17/1,0,2019-08-13T16:05:00Z,3,0,32,20,24,0,0
172.22.203.45,GPON00-D4-BDN-3,gei_1/17/1,0,2019-08-13T16:05:00Z,3,0,32,19,24,0,0
172.22.203.45,GPON00-D4-BDN-3,gei_1/17/1,0,2019-08-13T16:05:00Z,3,0,32,17,5,0,0
172.22.203.45,GPON00-D4-BDN-3,gei_1/17/1,0,2019-08-13T16:05:00Z,3,0,32,11,63,0,0
172.22.203.45,GPON00-D4-BDN-3,gei_1/17/1,0,2019-08-13T16:05:00Z,3,0,32,10,67,0,0
172.22.203.45,GPON00-D4-BDN-3,gei_1/17/1,0,2019-08-13T16:05:00Z,3,0,32,9,19,0,0
172.22.203.45,GPON00-D4-BDN-3,gei_1/17/1,0,2019-08-13T16:05:00Z,3,0,32,8,19,0,0
172.22.203.45,GPON00-D4-BDN-3,gei_1/17/1,0,2019-08-13T16:05:00Z,3,0,32,7,19,0,0
172.22.203.45,GPON00-D4-BDN-3,gei_1/17/1,0,2019-08-13T16:05:00Z,3,0,32,6,19,0,0
172.22.203.45,GPON00-D4-BDN-3,gei_1/17/1,0,2019-08-13T16:05:00Z,3,0,32,5,25,0,0
172.22.203.45,GPON00-D4-BDN-3,gei_1/17/1,0,2019-08-13T16:05:00Z,3,0,32,4,26,0,0
172.22.203.45,GPON00-D4-BDN-3,gei_1/17/1,0,2019-08-13T16:05:00Z,3,0,32,3,48,0,0
172.22.203.45,GPON00-D4-BDN-3,gei_1/17/1,0,2019-08-13T16:05:00Z,3,0,32,2,49,0,0
172.22.203.45,GPON00-D4-BDN-3,gei_1/17/1,0,2019-08-13T16:05:00Z,3,0,32,1,0,0,0
172.22.203.45,GPON00-D4-BDN-3,gei_1/17/1,0,2019-08-13T16:05:00Z,2,0,33,0,0,0,0
172.22.203.45,GPON00-D4-BDN-3,gei_1/17/1,0,2019-08-13T16:05:00Z,2,0,33,20,24,0,0
172.22.203.45,GPON00-D4-BDN-3,gei_1/17/1,0,2019-08-13T16:05:00Z,2,0,33,19,24,0,0
172.22.203.45,GPON00-D4-BDN-3,gei_1/17/1,0,2019-08-13T16:05:00Z,2,0,33,17,5,0,0
172.22.203.45,GPON00-D4-BDN-3,gei_1/17/1,0,2019-08-13T16:05:00Z,2,0,33,11,63,0,0
172.22.203.45,GPON00-D4-BDN-3,gei_1/17/1,0,2019-08-13T16:05:00Z,2,0,33,10,67,0,0
172.22.203.45,GPON00-D4-BDN-3,gei_1/17/1,0,2019-08-13T16:05:00Z,2,0,33,9,19,0,0
172.22.203.45,GPON00-D4-BDN-3,gei_1/17/1,0,2019-08-13T16:05:00Z,2,0,33,8,19,0,0
172.22.203.45,GPON00-D4-BDN-3,gei_1/17/1,0,2019-08-13T16:05:00Z,2,0,33,7,19,0,0
172.22.203.45,GPON00-D4-BDN-3,gei_1/17/1,0,2019-08-13T16:05:00Z,2,0,33,6,19,0,0
172.22.203.45,GPON00-D4-BDN-3,gei_1/17/1,0,2019-08-13T16:05:00Z,2,0,33,5,25,0,0
172.22.203.45,GPON00-D4-BDN-3,gei_1/17/1,0,2019-08-13T16:05:00Z,2,0,33,4,26,0,0
172.22.203.45,GPON00-D4-BDN-3,gei_1/17/1,0,2019-08-13T16:05:00Z,2,0,33,3,48,0,0
172.22.203.45,GPON00-D4-BDN-3,gei_1/17/1,0,2019-08-13T16:05:00Z,2,0,33,2,49,0,0
172.22.203.45,GPON00-D4-BDN-3,gei_1/17/1,0,2019-08-13T16:05:00Z,2,0,33,1,0,0,0
172.22.203.45,GPON00-D4-BDN-3,gei_1/17/1,0,2019-08-13T16:05:00Z,2,0,33,0,0,0,0
172.22.203.45,GPON00-D4-BDN-3,gei_1/17/1,0,2019-08-13T16:05:00Z,2,0,33,20,24,0,0
172.22.203.45,GPON00-D4-BDN-3,gei_1/17/1,0,2019-08-13T16:05:00Z,2,0,33,19,24,0,0
172.22.203.45,GPON00-D4-BDN-3,gei_1/17/1,0,2019-08-13T16:05:00Z,2,0,33,17,5,0,0
172.22.203.45,GPON00-D4-BDN-3,gei_1/17/1,0,2019-08-13T16:05:00Z,2,0,33,11,63,0,0
172.22.203.45,GPON00-D4-BDN-3,gei_1/17/1,0,2019-08-13T16:05:00Z,2,0,33,10,67,0,0
172.22.203.45,GPON00-D4-BDN-3,gei_1/17/1,0,2019-08-13T16:05:00Z,2,0,33,9,19,0,0
172.22.203.45,GPON00-D4-BDN-3,gei_1/17/1,0,2019-08-13T16:05:00Z,2,0,33,8,19,0,0
172.22.203.45,GPON00-D4-BDN-3,gei_1/17/1,0,2019-08-13T16:05:00Z,2,0,33,7,19,0,0
172.22.203.45,GPON00-D4-BDN-3,gei_1/17/1,0,2019-08-13T16:05:00Z,2,0,33,6,19,0,0
172.22.203.45,GPON00-D4-BDN-3,gei_1/17/1,0,2019-08-13T16:05:00Z,2,0,33,5,25,0,0
172.22.203.45,GPON00-D4-BDN-3,gei_1/17/1,0,2019-08-13T16:05:00Z,2,0,33,4,26,0,0
172.22.203.45,GPON00-D4-BDN-3,gei_1/17/1,0,2019-08-13T16:05:00Z,2,0,33,3,48,0,0
172.22.203.45,GPON00-D4-BDN-3,gei_1/17/1,0,2019-08-13T16:05:00Z,2,0,33,2,49,0,0
172.22.203.45,GPON00-D4-BDN-3,gei_1/17/1,0,2019-08-13T16:05:00Z,2,0,33,1,0,0,0
172.22.203.45,GPON00-D4-BDN-3,gei_1/17/1,0,2019-08-13T16:05:00Z,2,0,33,0,0,0,0
172.22.203.45,GPON00-D4-BDN-3,gei_1/17/1,0,2019-08-13T16:05:00Z,2,0,33,20,24,0,0
172.22.203.45,GPON00-D4-BDN-3,gei_1/17/1,0,2019-08-13T16:05:00Z,2,0,33,19,24,0,0
172.22.203.45,GPON00-D4-BDN-3,gei_1/17/1,0,2019-08-13T16:05:00Z,2,0,33,17,5,0,0
172.22.203.45,GPON00-D4-BDN-3,gei_1/17/1,0,2019-08-13T16:05:00Z,2,0,33,11,63,0,0
172.22.203.45,GPON00-D4-BDN-3,gei_1/17/1,0,2019-08-13T16:05:00Z,2,0,33,10,67,0,0
172.22.203.45,GPON00-D4-BDN-3,gei_1/17/1,0,2019-08-13T16:05:00Z,2,0,33,9,19,0,0
172.22.203.45,GPON00-D4-BDN-3,gei_1/17/1,0,2019-08-13T16:05:00Z,2,0,33,8,19,0,0
172.22.203.45,GPON00-D4-BDN-3,gei_1/17/1,0,2019-08-13T16:05:00Z,2,0,33,7,19,0,0
172.22.203.45,GPON00-D4-BDN-3,gei_1/17/1,0,2019-08-13T16:05:00Z,2,0,33,6,19,0,0
172.22.203.45,GPON00-D4-BDN-3,gei_1/17/1,0,2019-08-13T16:05:00Z,2,0,33,5,25,0,0
172.22.203.45,GPON00-D4-BDN-3,gei_1/17/1,0,2019-08-13T16:05:00Z,2,0,33,4,26,0,0
172.22.203.45,GPON00-D4-BDN-3,gei_1/17/1,0,2019-08-13T16:05:00Z,2,0,33,3,48,0,0
172.22.203.45,GPON00-D4-BDN-3,gei_1/17/1,0,2019-08-13T16:05:00Z,2,0,33,2,49,0,0
172.22.203.45,GPON00-D4-BDN-3,gei_1/17/1,0,2019-08-13T16:05:00Z,2,0,33,1,0,0,0
172.22.203.45,GPON00-D4-BDN-3,gei_1/17/1,0,2019-08-13T16:05:00Z,2,0,33,0,0,0,0
172.22.203.45,GPON00-D4-BDN-3,gei_1/17/1,0,2019-08-13T16:05:00Z,2,0,33,20,24,0,0
172.22.203.45,GPON00-D4-BDN-3,gei_1/17/1,0,2019-08-13T16:05:00Z,2,0,33,19,24,0,0
172.22.203.45,GPON00-D4-BDN-3,gei_1/17/1,0,2019-08-13T16:05:00Z,2,0,33,17,5,0,0
172.22.203.45,GPON00-D4-BDN-3,gei_1/17/1,0,2019-08-13T16:05:00Z,2,0,33,11,63,0,0
172.22.203.45,GPON00-D4-BDN-3,gei_1/17/1,0,2019-08-13T16:05:00Z,2,0,33,10,67,0,0
172.22.203.45,GPON00-D4-BDN-3,gei_1/17/1,0,2019-08-13T16:05:00Z,2,0,33,9,19,0,0
172.22.203.45,GPON00-D4-BDN-3,gei_1/17/1,0,2019-08-13T16:05:00Z,2,0,33,8,19,0,0
172.22.203.45,GPON00-D4-BDN-3,gei_1/17/1,0,2019-08-13T16:05:00Z,2,0,33,7,19,0,0
172.22.203.45,GPON00-D4-BDN-3,gei_1/17/1,0,2019-08-13T16:05:00Z,2,0,33,6,19,0,0
172.22.203.45,GPON00-D4-BDN-3,gei_1/17/1,0,2019-08-13T16:05:00Z,2,0,33,5,25,0,0
172.22.203.45,GPON00-D4-BDN-3,gei_1/17/1,0,2019-08-13T16:05:00Z,2,0,33,4,26,0,0
172.22.203.45,GPON00-D4-BDN-3,gei_1/17/1,0,2019-08-13T16:05:00Z,2,0,33,3,48,0,0
172.22.203.45,GPON00-D4-BDN-3,gei_1/17/1,0,2019-08-13T16:05:00Z,2,0,33,2,49,0,0
172.22.203.45,GPON00-D4-BDN-3,gei_1/17/1,0,2019-08-13T16:05:00Z,2,0,33,1,0,0,0
